title,preview
NASA's MAVEN Observes Martian Night Sky Pulsing in Ultraviolet Light,"Vast areas of the Martian night sky pulse in ultraviolet light, according to images from NASA’s MAVEN spacecraft. The results are being used to illuminate complex circulation patterns in the Martian atmosphere."
Two Rovers to Roll on Mars Again: Curiosity and Mars 2020,"They look like twins. But under the hood, the rover currently exploring the Red Planet and the one launching there this summer have distinct science tools and roles to play."
NASA to Hold Mars 2020 Perseverance Rover Launch Briefing,Learn more about the agency's next Red Planet mission during a live event on June 17.
NASA's Perseverance Mars Rover Gets Balanced,The mission team performed a crucial weight-balancing test on the rover in preparation for this summer's history-making launch to the Red Planet.
NASA's Curiosity Rover Finds an Ancient Oasis on Mars,"New evidence suggests salty, shallow ponds once dotted a Martian crater — a sign of the planet's drying climate."
NASA's Treasure Map for Water Ice on Mars,"A new study identifies frozen water just below the Martian surface, where astronauts could easily dig it up."
NASA's Mars 2020 Rover Completes Its First Drive,"In a 10-plus-hour marathon, the rover steered, turned and drove in 3-foot (1-meter) increments over small ramps."
NASA-JPL Names 'Rolling Stones Rock' on Mars,NASA's Mars InSight mission honored one of the biggest bands of all time at Pasadena concert.
10.9 Million Names Now Aboard NASA's Perseverance Mars Rover,"As part of NASA's 'Send Your Name to Mars' campaign, they've been stenciled onto three microchips along with essays from NASA's 'Name the Rover' contest. Next stop: Mars."
NASA's Curiosity Takes Selfie With 'Mary Anning' on the Red Planet,The Mars rover has drilled three samples of rock in this clay-enriched region since arriving in July.
A Year of Surprising Science From NASA's InSight Mars Mission,A batch of new papers summarizes the lander's findings above and below the surface of the Red Planet.
NASA's Perseverance Rover Attached to Atlas V Rocket,"Ready for its launch later in the month, the Mars-bound rover will touch terra firma no more."
Robotic Toolkit Added to NASA's Mars 2020 Rover,"The bit carousel, which lies at the heart of the rover's Sample Caching System, is now aboard NASA's newest rover. "
"My Culture, My Voice","In honor of Hispanic Heritage Month, Christina Hernandez, an instrument engineer on the Mars 2020 mission, talks about her childhood and journey to NASA."
NASA's Perseverance Rover Will Peer Beneath Mars' Surface ,The agency's newest rover will use the first ground-penetrating radar instrument on the Martian surface to help search for signs of past microbial life. 
